,BIDS Data,BIDS Validated
0,/sub-100206/anat/sub-100206_T1w.nii.gz,True
1,/sub-100307/anat/sub-100307_T1w.nii.gz,True
2,/sub-100408/anat/sub-100408_T1w.nii.gz,True
3,/sub-100610/anat/sub-100610_T1w.nii.gz,True
4,/sub-101006/anat/sub-101006_T1w.nii.gz,True
5,/sub-101107/anat/sub-101107_T1w.nii.gz,True
6,/sub-101309/anat/sub-101309_T1w.nii.gz,True
7,/sub-101410/anat/sub-101410_T1w.nii.gz,True
8,/sub-101915/anat/sub-101915_T1w.nii.gz,True
9,/sub-102008/anat/sub-102008_T1w.nii.gz,True
10,/sub-102109/anat/sub-102109_T1w.nii.gz,True
11,/sub-102311/anat/sub-102311_T1w.nii.gz,True
12,/sub-102513/anat/sub-102513_T1w.nii.gz,True
13,/sub-102614/anat/sub-102614_T1w.nii.gz,True
14,/sub-102715/anat/sub-102715_T1w.nii.gz,True
15,/sub-102816/anat/sub-102816_T1w.nii.gz,True
16,/sub-103010/anat/sub-103010_T1w.nii.gz,True
17,/sub-103111/anat/sub-103111_T1w.nii.gz,True
18,/sub-103212/anat/sub-103212_T1w.nii.gz,True
19,/sub-103414/anat/sub-103414_T1w.nii.gz,True
20,/sub-103515/anat/sub-103515_T1w.nii.gz,True
21,/sub-103818/anat/sub-103818_T1w.nii.gz,True
22,/sub-104012/anat/sub-104012_T1w.nii.gz,True
23,/sub-104416/anat/sub-104416_T1w.nii.gz,True
24,/sub-104820/anat/sub-104820_T1w.nii.gz,True
25,/sub-105014/anat/sub-105014_T1w.nii.gz,True
26,/sub-105115/anat/sub-105115_T1w.nii.gz,True
27,/sub-105216/anat/sub-105216_T1w.nii.gz,True
28,/sub-105620/anat/sub-105620_T1w.nii.gz,True
29,/sub-105923/anat/sub-105923_T1w.nii.gz,True
30,/sub-106016/anat/sub-106016_T1w.nii.gz,True
31,/sub-106319/anat/sub-106319_T1w.nii.gz,True
32,/sub-106521/anat/sub-106521_T1w.nii.gz,True
33,/sub-106824/anat/sub-106824_T1w.nii.gz,True
34,/sub-107018/anat/sub-107018_T1w.nii.gz,True
35,/sub-107220/anat/sub-107220_T1w.nii.gz,True
36,/sub-107321/anat/sub-107321_T1w.nii.gz,True
37,/sub-107422/anat/sub-107422_T1w.nii.gz,True
38,/sub-107725/anat/sub-107725_T1w.nii.gz,True
39,/sub-108020/anat/sub-108020_T1w.nii.gz,True
40,/sub-108121/anat/sub-108121_T1w.nii.gz,True
41,/sub-108222/anat/sub-108222_T1w.nii.gz,True
42,/sub-108323/anat/sub-108323_T1w.nii.gz,True
43,/sub-108525/anat/sub-108525_T1w.nii.gz,True
44,/sub-108828/anat/sub-108828_T1w.nii.gz,True
45,/sub-109123/anat/sub-109123_T1w.nii.gz,True
46,/sub-109325/anat/sub-109325_T1w.nii.gz,True
47,/sub-109830/anat/sub-109830_T1w.nii.gz,True
48,/sub-110007/anat/sub-110007_T1w.nii.gz,True
49,/sub-110411/anat/sub-110411_T1w.nii.gz,True
50,/sub-110613/anat/sub-110613_T1w.nii.gz,True
51,/sub-111009/anat/sub-111009_T1w.nii.gz,True
52,/sub-111211/anat/sub-111211_T1w.nii.gz,True
53,/sub-111312/anat/sub-111312_T1w.nii.gz,True
54,/sub-111413/anat/sub-111413_T1w.nii.gz,True
55,/sub-111514/anat/sub-111514_T1w.nii.gz,True
56,/sub-111716/anat/sub-111716_T1w.nii.gz,True
57,/sub-112112/anat/sub-112112_T1w.nii.gz,True
58,/sub-112314/anat/sub-112314_T1w.nii.gz,True
59,/sub-112516/anat/sub-112516_T1w.nii.gz,True
60,/sub-112819/anat/sub-112819_T1w.nii.gz,True
61,/sub-112920/anat/sub-112920_T1w.nii.gz,True
62,/sub-113215/anat/sub-113215_T1w.nii.gz,True
63,/sub-113316/anat/sub-113316_T1w.nii.gz,True
64,/sub-113417/anat/sub-113417_T1w.nii.gz,True
65,/sub-113619/anat/sub-113619_T1w.nii.gz,True
66,/sub-113821/anat/sub-113821_T1w.nii.gz,True
67,/sub-113922/anat/sub-113922_T1w.nii.gz,True
68,/sub-114116/anat/sub-114116_T1w.nii.gz,True
69,/sub-114217/anat/sub-114217_T1w.nii.gz,True
70,/sub-114318/anat/sub-114318_T1w.nii.gz,True
71,/sub-114419/anat/sub-114419_T1w.nii.gz,True
72,/sub-114621/anat/sub-114621_T1w.nii.gz,True
73,/sub-114823/anat/sub-114823_T1w.nii.gz,True
74,/sub-114924/anat/sub-114924_T1w.nii.gz,True
75,/sub-115017/anat/sub-115017_T1w.nii.gz,True
76,/sub-115219/anat/sub-115219_T1w.nii.gz,True
77,/sub-115320/anat/sub-115320_T1w.nii.gz,True
78,/sub-115724/anat/sub-115724_T1w.nii.gz,True
79,/sub-115825/anat/sub-115825_T1w.nii.gz,True
80,/sub-116120/anat/sub-116120_T1w.nii.gz,True
81,/sub-116221/anat/sub-116221_T1w.nii.gz,True
82,/sub-116423/anat/sub-116423_T1w.nii.gz,True
83,/sub-116524/anat/sub-116524_T1w.nii.gz,True
84,/sub-116726/anat/sub-116726_T1w.nii.gz,True
85,/sub-117021/anat/sub-117021_T1w.nii.gz,True
86,/sub-117122/anat/sub-117122_T1w.nii.gz,True
87,/sub-117324/anat/sub-117324_T1w.nii.gz,True
88,/sub-117728/anat/sub-117728_T1w.nii.gz,True
89,/sub-117930/anat/sub-117930_T1w.nii.gz,True
90,/sub-118023/anat/sub-118023_T1w.nii.gz,True
91,/sub-118124/anat/sub-118124_T1w.nii.gz,True
92,/sub-118225/anat/sub-118225_T1w.nii.gz,True
93,/sub-118528/anat/sub-118528_T1w.nii.gz,True
94,/sub-118730/anat/sub-118730_T1w.nii.gz,True
95,/sub-118831/anat/sub-118831_T1w.nii.gz,True
96,/sub-118932/anat/sub-118932_T1w.nii.gz,True
97,/sub-119025/anat/sub-119025_T1w.nii.gz,True
98,/sub-119126/anat/sub-119126_T1w.nii.gz,True
99,/sub-119732/anat/sub-119732_T1w.nii.gz,True
100,/sub-119833/anat/sub-119833_T1w.nii.gz,True
101,/sub-120010/anat/sub-120010_T1w.nii.gz,True
102,/sub-120111/anat/sub-120111_T1w.nii.gz,True
103,/sub-120212/anat/sub-120212_T1w.nii.gz,True
104,/sub-120414/anat/sub-120414_T1w.nii.gz,True
105,/sub-120515/anat/sub-120515_T1w.nii.gz,True
106,/sub-120717/anat/sub-120717_T1w.nii.gz,True
107,/sub-121315/anat/sub-121315_T1w.nii.gz,True
108,/sub-121416/anat/sub-121416_T1w.nii.gz,True
109,/sub-121618/anat/sub-121618_T1w.nii.gz,True
110,/sub-121719/anat/sub-121719_T1w.nii.gz,True
111,/sub-121820/anat/sub-121820_T1w.nii.gz,True
112,/sub-121921/anat/sub-121921_T1w.nii.gz,True
113,/sub-122317/anat/sub-122317_T1w.nii.gz,True
114,/sub-122418/anat/sub-122418_T1w.nii.gz,True
115,/sub-122620/anat/sub-122620_T1w.nii.gz,True
116,/sub-122822/anat/sub-122822_T1w.nii.gz,True
117,/sub-123117/anat/sub-123117_T1w.nii.gz,True
118,/sub-123420/anat/sub-123420_T1w.nii.gz,True
119,/sub-123521/anat/sub-123521_T1w.nii.gz,True
120,/sub-123723/anat/sub-123723_T1w.nii.gz,True
121,/sub-123824/anat/sub-123824_T1w.nii.gz,True
122,/sub-123925/anat/sub-123925_T1w.nii.gz,True
123,/sub-124220/anat/sub-124220_T1w.nii.gz,True
124,/sub-124422/anat/sub-124422_T1w.nii.gz,True
125,/sub-124624/anat/sub-124624_T1w.nii.gz,True
126,/sub-124826/anat/sub-124826_T1w.nii.gz,True
127,/sub-125222/anat/sub-125222_T1w.nii.gz,True
128,/sub-125424/anat/sub-125424_T1w.nii.gz,True
129,/sub-125525/anat/sub-125525_T1w.nii.gz,True
130,/sub-126325/anat/sub-126325_T1w.nii.gz,True
131,/sub-126426/anat/sub-126426_T1w.nii.gz,True
132,/sub-126628/anat/sub-126628_T1w.nii.gz,True
133,/sub-126931/anat/sub-126931_T1w.nii.gz,True
134,/sub-127226/anat/sub-127226_T1w.nii.gz,True
135,/sub-127327/anat/sub-127327_T1w.nii.gz,True
136,/sub-127630/anat/sub-127630_T1w.nii.gz,True
137,/sub-127731/anat/sub-127731_T1w.nii.gz,True
138,/sub-127832/anat/sub-127832_T1w.nii.gz,True
139,/sub-127933/anat/sub-127933_T1w.nii.gz,True
140,/sub-128026/anat/sub-128026_T1w.nii.gz,True
141,/sub-128127/anat/sub-128127_T1w.nii.gz,True
142,/sub-128329/anat/sub-128329_T1w.nii.gz,True
143,/sub-128632/anat/sub-128632_T1w.nii.gz,True
144,/sub-128935/anat/sub-128935_T1w.nii.gz,True
145,/sub-129028/anat/sub-129028_T1w.nii.gz,True
146,/sub-129129/anat/sub-129129_T1w.nii.gz,True
147,/sub-129331/anat/sub-129331_T1w.nii.gz,True
148,/sub-129432/anat/sub-129432_T1w.nii.gz,True
149,/sub-129533/anat/sub-129533_T1w.nii.gz,True
150,/sub-129634/anat/sub-129634_T1w.nii.gz,True
151,/sub-129937/anat/sub-129937_T1w.nii.gz,True
152,/sub-130013/anat/sub-130013_T1w.nii.gz,True
153,/sub-130114/anat/sub-130114_T1w.nii.gz,True
154,/sub-130316/anat/sub-130316_T1w.nii.gz,True
155,/sub-130417/anat/sub-130417_T1w.nii.gz,True
156,/sub-130518/anat/sub-130518_T1w.nii.gz,True
157,/sub-130619/anat/sub-130619_T1w.nii.gz,True
158,/sub-130720/anat/sub-130720_T1w.nii.gz,True
159,/sub-130821/anat/sub-130821_T1w.nii.gz,True
160,/sub-130922/anat/sub-130922_T1w.nii.gz,True
161,/sub-131217/anat/sub-131217_T1w.nii.gz,True
162,/sub-131419/anat/sub-131419_T1w.nii.gz,True
163,/sub-131621/anat/sub-131621_T1w.nii.gz,True
164,/sub-131722/anat/sub-131722_T1w.nii.gz,True
165,/sub-131823/anat/sub-131823_T1w.nii.gz,True
166,/sub-131924/anat/sub-131924_T1w.nii.gz,True
167,/sub-132017/anat/sub-132017_T1w.nii.gz,True
168,/sub-132118/anat/sub-132118_T1w.nii.gz,True
169,/sub-133019/anat/sub-133019_T1w.nii.gz,True
170,/sub-133625/anat/sub-133625_T1w.nii.gz,True
171,/sub-133827/anat/sub-133827_T1w.nii.gz,True
172,/sub-133928/anat/sub-133928_T1w.nii.gz,True
173,/sub-134021/anat/sub-134021_T1w.nii.gz,True
174,/sub-134223/anat/sub-134223_T1w.nii.gz,True
175,/sub-134324/anat/sub-134324_T1w.nii.gz,True
176,/sub-134425/anat/sub-134425_T1w.nii.gz,True
177,/sub-134627/anat/sub-134627_T1w.nii.gz,True
178,/sub-134728/anat/sub-134728_T1w.nii.gz,True
179,/sub-134829/anat/sub-134829_T1w.nii.gz,True
180,/sub-135124/anat/sub-135124_T1w.nii.gz,True
181,/sub-135225/anat/sub-135225_T1w.nii.gz,True
182,/sub-135528/anat/sub-135528_T1w.nii.gz,True
183,/sub-135629/anat/sub-135629_T1w.nii.gz,True
184,/sub-135730/anat/sub-135730_T1w.nii.gz,True
185,/sub-135932/anat/sub-135932_T1w.nii.gz,True
186,/sub-136126/anat/sub-136126_T1w.nii.gz,True
187,/sub-136227/anat/sub-136227_T1w.nii.gz,True
188,/sub-136631/anat/sub-136631_T1w.nii.gz,True
189,/sub-136732/anat/sub-136732_T1w.nii.gz,True
190,/sub-136833/anat/sub-136833_T1w.nii.gz,True
191,/sub-137027/anat/sub-137027_T1w.nii.gz,True
192,/sub-137128/anat/sub-137128_T1w.nii.gz,True
193,/sub-137229/anat/sub-137229_T1w.nii.gz,True
194,/sub-137431/anat/sub-137431_T1w.nii.gz,True
195,/sub-137532/anat/sub-137532_T1w.nii.gz,True
196,/sub-137633/anat/sub-137633_T1w.nii.gz,True
197,/sub-137936/anat/sub-137936_T1w.nii.gz,True
198,/sub-138130/anat/sub-138130_T1w.nii.gz,True
199,/sub-138231/anat/sub-138231_T1w.nii.gz,True
200,/sub-138332/anat/sub-138332_T1w.nii.gz,True
201,/sub-138534/anat/sub-138534_T1w.nii.gz,True
202,/sub-138837/anat/sub-138837_T1w.nii.gz,True
203,/sub-139233/anat/sub-139233_T1w.nii.gz,True
204,/sub-139435/anat/sub-139435_T1w.nii.gz,True
205,/sub-139637/anat/sub-139637_T1w.nii.gz,True
206,/sub-139839/anat/sub-139839_T1w.nii.gz,True
207,/sub-140117/anat/sub-140117_T1w.nii.gz,True
208,/sub-140319/anat/sub-140319_T1w.nii.gz,True
209,/sub-140420/anat/sub-140420_T1w.nii.gz,True
210,/sub-140824/anat/sub-140824_T1w.nii.gz,True
211,/sub-140925/anat/sub-140925_T1w.nii.gz,True
212,/sub-141119/anat/sub-141119_T1w.nii.gz,True
213,/sub-141422/anat/sub-141422_T1w.nii.gz,True
214,/sub-141826/anat/sub-141826_T1w.nii.gz,True
215,/sub-142424/anat/sub-142424_T1w.nii.gz,True
216,/sub-142828/anat/sub-142828_T1w.nii.gz,True
217,/sub-143224/anat/sub-143224_T1w.nii.gz,True
218,/sub-143325/anat/sub-143325_T1w.nii.gz,True
219,/sub-143426/anat/sub-143426_T1w.nii.gz,True
220,/sub-143527/anat/sub-143527_T1w.nii.gz,True
221,/sub-143830/anat/sub-143830_T1w.nii.gz,True
222,/sub-144125/anat/sub-144125_T1w.nii.gz,True
223,/sub-144226/anat/sub-144226_T1w.nii.gz,True
224,/sub-144428/anat/sub-144428_T1w.nii.gz,True
225,/sub-144731/anat/sub-144731_T1w.nii.gz,True
226,/sub-144832/anat/sub-144832_T1w.nii.gz,True
227,/sub-144933/anat/sub-144933_T1w.nii.gz,True
228,/sub-145127/anat/sub-145127_T1w.nii.gz,True
229,/sub-145531/anat/sub-145531_T1w.nii.gz,True
230,/sub-145632/anat/sub-145632_T1w.nii.gz,True
231,/sub-145834/anat/sub-145834_T1w.nii.gz,True
232,/sub-146129/anat/sub-146129_T1w.nii.gz,True
233,/sub-146331/anat/sub-146331_T1w.nii.gz,True
234,/sub-146432/anat/sub-146432_T1w.nii.gz,True
235,/sub-146533/anat/sub-146533_T1w.nii.gz,True
236,/sub-146634/anat/sub-146634_T1w.nii.gz,True
237,/sub-146735/anat/sub-146735_T1w.nii.gz,True
238,/sub-146836/anat/sub-146836_T1w.nii.gz,True
239,/sub-146937/anat/sub-146937_T1w.nii.gz,True
240,/sub-147030/anat/sub-147030_T1w.nii.gz,True
241,/sub-147636/anat/sub-147636_T1w.nii.gz,True
242,/sub-147737/anat/sub-147737_T1w.nii.gz,True
243,/sub-148032/anat/sub-148032_T1w.nii.gz,True
244,/sub-148133/anat/sub-148133_T1w.nii.gz,True
245,/sub-148335/anat/sub-148335_T1w.nii.gz,True
246,/sub-148436/anat/sub-148436_T1w.nii.gz,True
247,/sub-148840/anat/sub-148840_T1w.nii.gz,True
248,/sub-148941/anat/sub-148941_T1w.nii.gz,True
249,/sub-149236/anat/sub-149236_T1w.nii.gz,True
250,/sub-149337/anat/sub-149337_T1w.nii.gz,True
251,/sub-149539/anat/sub-149539_T1w.nii.gz,True
252,/sub-149741/anat/sub-149741_T1w.nii.gz,True
253,/sub-149842/anat/sub-149842_T1w.nii.gz,True
254,/sub-150019/anat/sub-150019_T1w.nii.gz,True
255,/sub-150423/anat/sub-150423_T1w.nii.gz,True
256,/sub-150524/anat/sub-150524_T1w.nii.gz,True
257,/sub-150625/anat/sub-150625_T1w.nii.gz,True
258,/sub-150726/anat/sub-150726_T1w.nii.gz,True
259,/sub-150928/anat/sub-150928_T1w.nii.gz,True
260,/sub-151021/anat/sub-151021_T1w.nii.gz,True
261,/sub-151223/anat/sub-151223_T1w.nii.gz,True
262,/sub-151324/anat/sub-151324_T1w.nii.gz,True
263,/sub-151425/anat/sub-151425_T1w.nii.gz,True
264,/sub-151526/anat/sub-151526_T1w.nii.gz,True
265,/sub-151627/anat/sub-151627_T1w.nii.gz,True
266,/sub-151728/anat/sub-151728_T1w.nii.gz,True
267,/sub-151829/anat/sub-151829_T1w.nii.gz,True
268,/sub-151930/anat/sub-151930_T1w.nii.gz,True
269,/sub-152225/anat/sub-152225_T1w.nii.gz,True
270,/sub-152427/anat/sub-152427_T1w.nii.gz,True
271,/sub-152831/anat/sub-152831_T1w.nii.gz,True
272,/sub-153025/anat/sub-153025_T1w.nii.gz,True
273,/sub-153126/anat/sub-153126_T1w.nii.gz,True
274,/sub-153227/anat/sub-153227_T1w.nii.gz,True
275,/sub-153429/anat/sub-153429_T1w.nii.gz,True
276,/sub-153631/anat/sub-153631_T1w.nii.gz,True
277,/sub-153732/anat/sub-153732_T1w.nii.gz,True
278,/sub-153833/anat/sub-153833_T1w.nii.gz,True
279,/sub-153934/anat/sub-153934_T1w.nii.gz,True
280,/sub-154229/anat/sub-154229_T1w.nii.gz,True
281,/sub-154330/anat/sub-154330_T1w.nii.gz,True
282,/sub-154431/anat/sub-154431_T1w.nii.gz,True
283,/sub-154532/anat/sub-154532_T1w.nii.gz,True
284,/sub-154734/anat/sub-154734_T1w.nii.gz,True
285,/sub-154835/anat/sub-154835_T1w.nii.gz,True
286,/sub-154936/anat/sub-154936_T1w.nii.gz,True
287,/sub-155231/anat/sub-155231_T1w.nii.gz,True
288,/sub-155635/anat/sub-155635_T1w.nii.gz,True
289,/sub-155938/anat/sub-155938_T1w.nii.gz,True
290,/sub-156031/anat/sub-156031_T1w.nii.gz,True
291,/sub-156233/anat/sub-156233_T1w.nii.gz,True
292,/sub-156334/anat/sub-156334_T1w.nii.gz,True
293,/sub-156435/anat/sub-156435_T1w.nii.gz,True
294,/sub-156536/anat/sub-156536_T1w.nii.gz,True
295,/sub-156637/anat/sub-156637_T1w.nii.gz,True
296,/sub-157336/anat/sub-157336_T1w.nii.gz,True
297,/sub-157437/anat/sub-157437_T1w.nii.gz,True
298,/sub-157942/anat/sub-157942_T1w.nii.gz,True
299,/sub-158035/anat/sub-158035_T1w.nii.gz,True
300,/sub-158136/anat/sub-158136_T1w.nii.gz,True
301,/sub-158338/anat/sub-158338_T1w.nii.gz,True
302,/sub-158540/anat/sub-158540_T1w.nii.gz,True
303,/sub-158843/anat/sub-158843_T1w.nii.gz,True
304,/sub-159138/anat/sub-159138_T1w.nii.gz,True
305,/sub-159239/anat/sub-159239_T1w.nii.gz,True
306,/sub-159340/anat/sub-159340_T1w.nii.gz,True
307,/sub-159441/anat/sub-159441_T1w.nii.gz,True
308,/sub-159744/anat/sub-159744_T1w.nii.gz,True
309,/sub-159845/anat/sub-159845_T1w.nii.gz,True
310,/sub-159946/anat/sub-159946_T1w.nii.gz,True
311,/sub-160123/anat/sub-160123_T1w.nii.gz,True
312,/sub-160729/anat/sub-160729_T1w.nii.gz,True
313,/sub-160830/anat/sub-160830_T1w.nii.gz,True
314,/sub-160931/anat/sub-160931_T1w.nii.gz,True
315,/sub-161327/anat/sub-161327_T1w.nii.gz,True
316,/sub-161630/anat/sub-161630_T1w.nii.gz,True
317,/sub-161731/anat/sub-161731_T1w.nii.gz,True
318,/sub-161832/anat/sub-161832_T1w.nii.gz,True
319,/sub-162026/anat/sub-162026_T1w.nii.gz,True
320,/sub-162228/anat/sub-162228_T1w.nii.gz,True
321,/sub-162329/anat/sub-162329_T1w.nii.gz,True
322,/sub-162733/anat/sub-162733_T1w.nii.gz,True
323,/sub-162935/anat/sub-162935_T1w.nii.gz,True
324,/sub-163129/anat/sub-163129_T1w.nii.gz,True
325,/sub-163331/anat/sub-163331_T1w.nii.gz,True
326,/sub-163432/anat/sub-163432_T1w.nii.gz,True
327,/sub-163836/anat/sub-163836_T1w.nii.gz,True
328,/sub-164030/anat/sub-164030_T1w.nii.gz,True
329,/sub-164131/anat/sub-164131_T1w.nii.gz,True
330,/sub-164636/anat/sub-164636_T1w.nii.gz,True
331,/sub-164939/anat/sub-164939_T1w.nii.gz,True
332,/sub-165032/anat/sub-165032_T1w.nii.gz,True
333,/sub-165234/anat/sub-165234_T1w.nii.gz,True
334,/sub-165436/anat/sub-165436_T1w.nii.gz,True
335,/sub-165638/anat/sub-165638_T1w.nii.gz,True
336,/sub-165840/anat/sub-165840_T1w.nii.gz,True
337,/sub-165941/anat/sub-165941_T1w.nii.gz,True
338,/sub-166438/anat/sub-166438_T1w.nii.gz,True
339,/sub-166640/anat/sub-166640_T1w.nii.gz,True
340,/sub-167036/anat/sub-167036_T1w.nii.gz,True
341,/sub-167238/anat/sub-167238_T1w.nii.gz,True
342,/sub-167440/anat/sub-167440_T1w.nii.gz,True
343,/sub-167743/anat/sub-167743_T1w.nii.gz,True
344,/sub-168038/anat/sub-168038_T1w.nii.gz,True
345,/sub-168139/anat/sub-168139_T1w.nii.gz,True
346,/sub-168240/anat/sub-168240_T1w.nii.gz,True
347,/sub-168341/anat/sub-168341_T1w.nii.gz,True
348,/sub-168745/anat/sub-168745_T1w.nii.gz,True
349,/sub-168947/anat/sub-168947_T1w.nii.gz,True
350,/sub-169040/anat/sub-169040_T1w.nii.gz,True
351,/sub-169141/anat/sub-169141_T1w.nii.gz,True
352,/sub-169343/anat/sub-169343_T1w.nii.gz,True
353,/sub-169444/anat/sub-169444_T1w.nii.gz,True
354,/sub-169545/anat/sub-169545_T1w.nii.gz,True
355,/sub-169747/anat/sub-169747_T1w.nii.gz,True
356,/sub-169949/anat/sub-169949_T1w.nii.gz,True
357,/sub-170631/anat/sub-170631_T1w.nii.gz,True
358,/sub-170934/anat/sub-170934_T1w.nii.gz,True
359,/sub-171128/anat/sub-171128_T1w.nii.gz,True
360,/sub-171330/anat/sub-171330_T1w.nii.gz,True
361,/sub-171431/anat/sub-171431_T1w.nii.gz,True
362,/sub-171532/anat/sub-171532_T1w.nii.gz,True
363,/sub-171633/anat/sub-171633_T1w.nii.gz,True
364,/sub-171734/anat/sub-171734_T1w.nii.gz,True
365,/sub-172029/anat/sub-172029_T1w.nii.gz,True
366,/sub-172130/anat/sub-172130_T1w.nii.gz,True
367,/sub-172332/anat/sub-172332_T1w.nii.gz,True
368,/sub-172433/anat/sub-172433_T1w.nii.gz,True
369,/sub-172534/anat/sub-172534_T1w.nii.gz,True
370,/sub-172635/anat/sub-172635_T1w.nii.gz,True
371,/sub-172938/anat/sub-172938_T1w.nii.gz,True
372,/sub-173132/anat/sub-173132_T1w.nii.gz,True
373,/sub-173233/anat/sub-173233_T1w.nii.gz,True
374,/sub-173334/anat/sub-173334_T1w.nii.gz,True
375,/sub-173435/anat/sub-173435_T1w.nii.gz,True
376,/sub-173536/anat/sub-173536_T1w.nii.gz,True
377,/sub-173637/anat/sub-173637_T1w.nii.gz,True
378,/sub-173738/anat/sub-173738_T1w.nii.gz,True
379,/sub-173839/anat/sub-173839_T1w.nii.gz,True
380,/sub-173940/anat/sub-173940_T1w.nii.gz,True
381,/sub-174437/anat/sub-174437_T1w.nii.gz,True
382,/sub-174841/anat/sub-174841_T1w.nii.gz,True
383,/sub-175035/anat/sub-175035_T1w.nii.gz,True
384,/sub-175136/anat/sub-175136_T1w.nii.gz,True
385,/sub-175237/anat/sub-175237_T1w.nii.gz,True
386,/sub-175338/anat/sub-175338_T1w.nii.gz,True
387,/sub-175439/anat/sub-175439_T1w.nii.gz,True
388,/sub-175540/anat/sub-175540_T1w.nii.gz,True
389,/sub-175742/anat/sub-175742_T1w.nii.gz,True
390,/sub-176037/anat/sub-176037_T1w.nii.gz,True
391,/sub-176239/anat/sub-176239_T1w.nii.gz,True
392,/sub-176441/anat/sub-176441_T1w.nii.gz,True
393,/sub-176542/anat/sub-176542_T1w.nii.gz,True
394,/sub-176744/anat/sub-176744_T1w.nii.gz,True
395,/sub-176845/anat/sub-176845_T1w.nii.gz,True
396,/sub-177140/anat/sub-177140_T1w.nii.gz,True
397,/sub-177241/anat/sub-177241_T1w.nii.gz,True
398,/sub-177342/anat/sub-177342_T1w.nii.gz,True
399,/sub-177645/anat/sub-177645_T1w.nii.gz,True
400,/sub-177746/anat/sub-177746_T1w.nii.gz,True
401,/sub-178142/anat/sub-178142_T1w.nii.gz,True
402,/sub-178243/anat/sub-178243_T1w.nii.gz,True
403,/sub-178647/anat/sub-178647_T1w.nii.gz,True
404,/sub-178748/anat/sub-178748_T1w.nii.gz,True
405,/sub-178849/anat/sub-178849_T1w.nii.gz,True
406,/sub-178950/anat/sub-178950_T1w.nii.gz,True
407,/sub-179245/anat/sub-179245_T1w.nii.gz,True
408,/sub-179346/anat/sub-179346_T1w.nii.gz,True
409,/sub-179548/anat/sub-179548_T1w.nii.gz,True
410,/sub-179952/anat/sub-179952_T1w.nii.gz,True
411,/sub-180129/anat/sub-180129_T1w.nii.gz,True
412,/sub-180230/anat/sub-180230_T1w.nii.gz,True
413,/sub-180432/anat/sub-180432_T1w.nii.gz,True
414,/sub-180533/anat/sub-180533_T1w.nii.gz,True
415,/sub-180735/anat/sub-180735_T1w.nii.gz,True
416,/sub-180836/anat/sub-180836_T1w.nii.gz,True
417,/sub-180937/anat/sub-180937_T1w.nii.gz,True
418,/sub-181131/anat/sub-181131_T1w.nii.gz,True
419,/sub-181232/anat/sub-181232_T1w.nii.gz,True
420,/sub-181636/anat/sub-181636_T1w.nii.gz,True
421,/sub-182032/anat/sub-182032_T1w.nii.gz,True
422,/sub-182436/anat/sub-182436_T1w.nii.gz,True
423,/sub-182739/anat/sub-182739_T1w.nii.gz,True
424,/sub-182840/anat/sub-182840_T1w.nii.gz,True
425,/sub-183034/anat/sub-183034_T1w.nii.gz,True
426,/sub-183337/anat/sub-183337_T1w.nii.gz,True
427,/sub-183741/anat/sub-183741_T1w.nii.gz,True
428,/sub-185038/anat/sub-185038_T1w.nii.gz,True
429,/sub-185139/anat/sub-185139_T1w.nii.gz,True
430,/sub-185341/anat/sub-185341_T1w.nii.gz,True
431,/sub-185442/anat/sub-185442_T1w.nii.gz,True
432,/sub-185846/anat/sub-185846_T1w.nii.gz,True
433,/sub-185947/anat/sub-185947_T1w.nii.gz,True
434,/sub-186040/anat/sub-186040_T1w.nii.gz,True
435,/sub-186141/anat/sub-186141_T1w.nii.gz,True
436,/sub-186444/anat/sub-186444_T1w.nii.gz,True
437,/sub-186545/anat/sub-186545_T1w.nii.gz,True
438,/sub-186848/anat/sub-186848_T1w.nii.gz,True
439,/sub-186949/anat/sub-186949_T1w.nii.gz,True
440,/sub-187143/anat/sub-187143_T1w.nii.gz,True
441,/sub-187345/anat/sub-187345_T1w.nii.gz,True
442,/sub-187547/anat/sub-187547_T1w.nii.gz,True
443,/sub-187850/anat/sub-187850_T1w.nii.gz,True
444,/sub-188145/anat/sub-188145_T1w.nii.gz,True
445,/sub-188347/anat/sub-188347_T1w.nii.gz,True
446,/sub-188448/anat/sub-188448_T1w.nii.gz,True
447,/sub-188549/anat/sub-188549_T1w.nii.gz,True
448,/sub-188751/anat/sub-188751_T1w.nii.gz,True
449,/sub-189349/anat/sub-189349_T1w.nii.gz,True
450,/sub-189450/anat/sub-189450_T1w.nii.gz,True
451,/sub-189652/anat/sub-189652_T1w.nii.gz,True
452,/sub-190031/anat/sub-190031_T1w.nii.gz,True
453,/sub-190132/anat/sub-190132_T1w.nii.gz,True
454,/sub-191033/anat/sub-191033_T1w.nii.gz,True
455,/sub-191235/anat/sub-191235_T1w.nii.gz,True
456,/sub-191336/anat/sub-191336_T1w.nii.gz,True
457,/sub-191437/anat/sub-191437_T1w.nii.gz,True
458,/sub-191841/anat/sub-191841_T1w.nii.gz,True
459,/sub-191942/anat/sub-191942_T1w.nii.gz,True
460,/sub-192035/anat/sub-192035_T1w.nii.gz,True
461,/sub-192136/anat/sub-192136_T1w.nii.gz,True
462,/sub-192237/anat/sub-192237_T1w.nii.gz,True
463,/sub-192439/anat/sub-192439_T1w.nii.gz,True
464,/sub-192540/anat/sub-192540_T1w.nii.gz,True
465,/sub-192641/anat/sub-192641_T1w.nii.gz,True
466,/sub-192843/anat/sub-192843_T1w.nii.gz,True
467,/sub-193239/anat/sub-193239_T1w.nii.gz,True
468,/sub-193441/anat/sub-193441_T1w.nii.gz,True
469,/sub-193845/anat/sub-193845_T1w.nii.gz,True
470,/sub-194140/anat/sub-194140_T1w.nii.gz,True
471,/sub-194443/anat/sub-194443_T1w.nii.gz,True
472,/sub-194645/anat/sub-194645_T1w.nii.gz,True
473,/sub-194746/anat/sub-194746_T1w.nii.gz,True
474,/sub-194847/anat/sub-194847_T1w.nii.gz,True
475,/sub-195041/anat/sub-195041_T1w.nii.gz,True
476,/sub-195445/anat/sub-195445_T1w.nii.gz,True
477,/sub-195647/anat/sub-195647_T1w.nii.gz,True
478,/sub-195849/anat/sub-195849_T1w.nii.gz,True
479,/sub-195950/anat/sub-195950_T1w.nii.gz,True
480,/sub-196144/anat/sub-196144_T1w.nii.gz,True
481,/sub-196346/anat/sub-196346_T1w.nii.gz,True
482,/sub-196750/anat/sub-196750_T1w.nii.gz,True
483,/sub-196851/anat/sub-196851_T1w.nii.gz,True
484,/sub-196952/anat/sub-196952_T1w.nii.gz,True
485,/sub-197348/anat/sub-197348_T1w.nii.gz,True
486,/sub-197449/anat/sub-197449_T1w.nii.gz,True
487,/sub-197550/anat/sub-197550_T1w.nii.gz,True
488,/sub-197651/anat/sub-197651_T1w.nii.gz,True
489,/sub-198047/anat/sub-198047_T1w.nii.gz,True
490,/sub-198249/anat/sub-198249_T1w.nii.gz,True
491,/sub-198350/anat/sub-198350_T1w.nii.gz,True
492,/sub-198451/anat/sub-198451_T1w.nii.gz,True
493,/sub-198653/anat/sub-198653_T1w.nii.gz,True
494,/sub-198855/anat/sub-198855_T1w.nii.gz,True
495,/sub-199150/anat/sub-199150_T1w.nii.gz,True
496,/sub-199251/anat/sub-199251_T1w.nii.gz,True
497,/sub-199352/anat/sub-199352_T1w.nii.gz,True
498,/sub-199453/anat/sub-199453_T1w.nii.gz,True
499,/sub-199655/anat/sub-199655_T1w.nii.gz,True
500,/sub-199958/anat/sub-199958_T1w.nii.gz,True
501,/sub-200008/anat/sub-200008_T1w.nii.gz,True
502,/sub-200109/anat/sub-200109_T1w.nii.gz,True
503,/sub-200210/anat/sub-200210_T1w.nii.gz,True
504,/sub-200311/anat/sub-200311_T1w.nii.gz,True
505,/sub-200513/anat/sub-200513_T1w.nii.gz,True
506,/sub-200614/anat/sub-200614_T1w.nii.gz,True
507,/sub-200917/anat/sub-200917_T1w.nii.gz,True
508,/sub-201111/anat/sub-201111_T1w.nii.gz,True
509,/sub-201414/anat/sub-201414_T1w.nii.gz,True
510,/sub-201515/anat/sub-201515_T1w.nii.gz,True
511,/sub-201717/anat/sub-201717_T1w.nii.gz,True
512,/sub-201818/anat/sub-201818_T1w.nii.gz,True
513,/sub-202113/anat/sub-202113_T1w.nii.gz,True
514,/sub-202719/anat/sub-202719_T1w.nii.gz,True
515,/sub-202820/anat/sub-202820_T1w.nii.gz,True
516,/sub-203418/anat/sub-203418_T1w.nii.gz,True
517,/sub-203721/anat/sub-203721_T1w.nii.gz,True
518,/sub-203923/anat/sub-203923_T1w.nii.gz,True
519,/sub-204016/anat/sub-204016_T1w.nii.gz,True
520,/sub-204218/anat/sub-204218_T1w.nii.gz,True
521,/sub-204319/anat/sub-204319_T1w.nii.gz,True
522,/sub-204420/anat/sub-204420_T1w.nii.gz,True
523,/sub-204521/anat/sub-204521_T1w.nii.gz,True
524,/sub-204622/anat/sub-204622_T1w.nii.gz,True
525,/sub-205119/anat/sub-205119_T1w.nii.gz,True
526,/sub-205220/anat/sub-205220_T1w.nii.gz,True
527,/sub-205725/anat/sub-205725_T1w.nii.gz,True
528,/sub-205826/anat/sub-205826_T1w.nii.gz,True
529,/sub-206222/anat/sub-206222_T1w.nii.gz,True
530,/sub-206323/anat/sub-206323_T1w.nii.gz,True
531,/sub-206525/anat/sub-206525_T1w.nii.gz,True
532,/sub-206727/anat/sub-206727_T1w.nii.gz,True
533,/sub-206929/anat/sub-206929_T1w.nii.gz,True
534,/sub-207123/anat/sub-207123_T1w.nii.gz,True
535,/sub-207426/anat/sub-207426_T1w.nii.gz,True
536,/sub-207628/anat/sub-207628_T1w.nii.gz,True
537,/sub-208024/anat/sub-208024_T1w.nii.gz,True
538,/sub-208125/anat/sub-208125_T1w.nii.gz,True
539,/sub-208226/anat/sub-208226_T1w.nii.gz,True
540,/sub-208327/anat/sub-208327_T1w.nii.gz,True
541,/sub-208428/anat/sub-208428_T1w.nii.gz,True
542,/sub-208630/anat/sub-208630_T1w.nii.gz,True
543,/sub-209127/anat/sub-209127_T1w.nii.gz,True
544,/sub-209228/anat/sub-209228_T1w.nii.gz,True
545,/sub-209329/anat/sub-209329_T1w.nii.gz,True
546,/sub-209531/anat/sub-209531_T1w.nii.gz,True
547,/sub-209834/anat/sub-209834_T1w.nii.gz,True
548,/sub-209935/anat/sub-209935_T1w.nii.gz,True
549,/sub-210011/anat/sub-210011_T1w.nii.gz,True
550,/sub-210112/anat/sub-210112_T1w.nii.gz,True
551,/sub-210415/anat/sub-210415_T1w.nii.gz,True
552,/sub-210617/anat/sub-210617_T1w.nii.gz,True
553,/sub-211114/anat/sub-211114_T1w.nii.gz,True
554,/sub-211215/anat/sub-211215_T1w.nii.gz,True
555,/sub-211316/anat/sub-211316_T1w.nii.gz,True
556,/sub-211417/anat/sub-211417_T1w.nii.gz,True
557,/sub-211619/anat/sub-211619_T1w.nii.gz,True
558,/sub-211720/anat/sub-211720_T1w.nii.gz,True
559,/sub-211821/anat/sub-211821_T1w.nii.gz,True
560,/sub-211922/anat/sub-211922_T1w.nii.gz,True
561,/sub-212015/anat/sub-212015_T1w.nii.gz,True
562,/sub-212116/anat/sub-212116_T1w.nii.gz,True
563,/sub-212217/anat/sub-212217_T1w.nii.gz,True
564,/sub-212318/anat/sub-212318_T1w.nii.gz,True
565,/sub-212419/anat/sub-212419_T1w.nii.gz,True
566,/sub-212823/anat/sub-212823_T1w.nii.gz,True
567,/sub-213017/anat/sub-213017_T1w.nii.gz,True
568,/sub-213421/anat/sub-213421_T1w.nii.gz,True
569,/sub-213522/anat/sub-213522_T1w.nii.gz,True
570,/sub-214019/anat/sub-214019_T1w.nii.gz,True
571,/sub-214221/anat/sub-214221_T1w.nii.gz,True
572,/sub-214423/anat/sub-214423_T1w.nii.gz,True
573,/sub-214524/anat/sub-214524_T1w.nii.gz,True
574,/sub-214625/anat/sub-214625_T1w.nii.gz,True
575,/sub-214726/anat/sub-214726_T1w.nii.gz,True
576,/sub-217126/anat/sub-217126_T1w.nii.gz,True
577,/sub-217429/anat/sub-217429_T1w.nii.gz,True
578,/sub-219231/anat/sub-219231_T1w.nii.gz,True
579,/sub-220721/anat/sub-220721_T1w.nii.gz,True
580,/sub-221218/anat/sub-221218_T1w.nii.gz,True
581,/sub-221319/anat/sub-221319_T1w.nii.gz,True
582,/sub-223929/anat/sub-223929_T1w.nii.gz,True
583,/sub-224022/anat/sub-224022_T1w.nii.gz,True
584,/sub-227432/anat/sub-227432_T1w.nii.gz,True
585,/sub-227533/anat/sub-227533_T1w.nii.gz,True
586,/sub-228434/anat/sub-228434_T1w.nii.gz,True
587,/sub-231928/anat/sub-231928_T1w.nii.gz,True
588,/sub-233326/anat/sub-233326_T1w.nii.gz,True
589,/sub-236130/anat/sub-236130_T1w.nii.gz,True
590,/sub-237334/anat/sub-237334_T1w.nii.gz,True
591,/sub-238033/anat/sub-238033_T1w.nii.gz,True
592,/sub-239136/anat/sub-239136_T1w.nii.gz,True
593,/sub-239944/anat/sub-239944_T1w.nii.gz,True
594,/sub-245333/anat/sub-245333_T1w.nii.gz,True
595,/sub-246133/anat/sub-246133_T1w.nii.gz,True
596,/sub-248238/anat/sub-248238_T1w.nii.gz,True
597,/sub-248339/anat/sub-248339_T1w.nii.gz,True
598,/sub-249947/anat/sub-249947_T1w.nii.gz,True
599,/sub-250427/anat/sub-250427_T1w.nii.gz,True
600,/sub-250932/anat/sub-250932_T1w.nii.gz,True
601,/sub-251833/anat/sub-251833_T1w.nii.gz,True
602,/sub-255639/anat/sub-255639_T1w.nii.gz,True
603,/sub-255740/anat/sub-255740_T1w.nii.gz,True
604,/sub-256540/anat/sub-256540_T1w.nii.gz,True
605,/sub-257542/anat/sub-257542_T1w.nii.gz,True
606,/sub-257845/anat/sub-257845_T1w.nii.gz,True
607,/sub-257946/anat/sub-257946_T1w.nii.gz,True
608,/sub-263436/anat/sub-263436_T1w.nii.gz,True
609,/sub-268749/anat/sub-268749_T1w.nii.gz,True
610,/sub-268850/anat/sub-268850_T1w.nii.gz,True
611,/sub-270332/anat/sub-270332_T1w.nii.gz,True
612,/sub-274542/anat/sub-274542_T1w.nii.gz,True
613,/sub-275645/anat/sub-275645_T1w.nii.gz,True
614,/sub-280739/anat/sub-280739_T1w.nii.gz,True
615,/sub-280941/anat/sub-280941_T1w.nii.gz,True
616,/sub-281135/anat/sub-281135_T1w.nii.gz,True
617,/sub-283543/anat/sub-283543_T1w.nii.gz,True
618,/sub-284646/anat/sub-284646_T1w.nii.gz,True
619,/sub-285345/anat/sub-285345_T1w.nii.gz,True
620,/sub-285446/anat/sub-285446_T1w.nii.gz,True
621,/sub-286347/anat/sub-286347_T1w.nii.gz,True
622,/sub-286650/anat/sub-286650_T1w.nii.gz,True
623,/sub-287248/anat/sub-287248_T1w.nii.gz,True
624,/sub-289555/anat/sub-289555_T1w.nii.gz,True
625,/sub-290136/anat/sub-290136_T1w.nii.gz,True
626,/sub-293748/anat/sub-293748_T1w.nii.gz,True
627,/sub-295146/anat/sub-295146_T1w.nii.gz,True
628,/sub-297655/anat/sub-297655_T1w.nii.gz,True
629,/sub-298051/anat/sub-298051_T1w.nii.gz,True
630,/sub-298455/anat/sub-298455_T1w.nii.gz,True
631,/sub-299154/anat/sub-299154_T1w.nii.gz,True
632,/sub-299760/anat/sub-299760_T1w.nii.gz,True
633,/sub-300618/anat/sub-300618_T1w.nii.gz,True
634,/sub-300719/anat/sub-300719_T1w.nii.gz,True
635,/sub-303119/anat/sub-303119_T1w.nii.gz,True
636,/sub-303624/anat/sub-303624_T1w.nii.gz,True
637,/sub-304020/anat/sub-304020_T1w.nii.gz,True
638,/sub-304727/anat/sub-304727_T1w.nii.gz,True
639,/sub-305830/anat/sub-305830_T1w.nii.gz,True
640,/sub-307127/anat/sub-307127_T1w.nii.gz,True
641,/sub-308129/anat/sub-308129_T1w.nii.gz,True
642,/sub-308331/anat/sub-308331_T1w.nii.gz,True
643,/sub-309636/anat/sub-309636_T1w.nii.gz,True
644,/sub-310621/anat/sub-310621_T1w.nii.gz,True
645,/sub-311320/anat/sub-311320_T1w.nii.gz,True
646,/sub-314225/anat/sub-314225_T1w.nii.gz,True
647,/sub-316633/anat/sub-316633_T1w.nii.gz,True
648,/sub-316835/anat/sub-316835_T1w.nii.gz,True
649,/sub-317332/anat/sub-317332_T1w.nii.gz,True
650,/sub-318637/anat/sub-318637_T1w.nii.gz,True
651,/sub-320826/anat/sub-320826_T1w.nii.gz,True
652,/sub-321323/anat/sub-321323_T1w.nii.gz,True
653,/sub-322224/anat/sub-322224_T1w.nii.gz,True
654,/sub-325129/anat/sub-325129_T1w.nii.gz,True
655,/sub-329440/anat/sub-329440_T1w.nii.gz,True
656,/sub-329844/anat/sub-329844_T1w.nii.gz,True
657,/sub-330324/anat/sub-330324_T1w.nii.gz,True
658,/sub-333330/anat/sub-333330_T1w.nii.gz,True
659,/sub-334635/anat/sub-334635_T1w.nii.gz,True
660,/sub-336841/anat/sub-336841_T1w.nii.gz,True
661,/sub-339847/anat/sub-339847_T1w.nii.gz,True
662,/sub-341834/anat/sub-341834_T1w.nii.gz,True
663,/sub-342129/anat/sub-342129_T1w.nii.gz,True
664,/sub-346137/anat/sub-346137_T1w.nii.gz,True
665,/sub-346945/anat/sub-346945_T1w.nii.gz,True
666,/sub-348545/anat/sub-348545_T1w.nii.gz,True
667,/sub-349244/anat/sub-349244_T1w.nii.gz,True
668,/sub-350330/anat/sub-350330_T1w.nii.gz,True
669,/sub-351938/anat/sub-351938_T1w.nii.gz,True
670,/sub-352132/anat/sub-352132_T1w.nii.gz,True
671,/sub-352738/anat/sub-352738_T1w.nii.gz,True
672,/sub-353740/anat/sub-353740_T1w.nii.gz,True
673,/sub-355239/anat/sub-355239_T1w.nii.gz,True
674,/sub-355542/anat/sub-355542_T1w.nii.gz,True
675,/sub-355845/anat/sub-355845_T1w.nii.gz,True
676,/sub-356948/anat/sub-356948_T1w.nii.gz,True
677,/sub-358144/anat/sub-358144_T1w.nii.gz,True
678,/sub-360030/anat/sub-360030_T1w.nii.gz,True
679,/sub-361234/anat/sub-361234_T1w.nii.gz,True
680,/sub-361941/anat/sub-361941_T1w.nii.gz,True
681,/sub-362034/anat/sub-362034_T1w.nii.gz,True
682,/sub-365343/anat/sub-365343_T1w.nii.gz,True
683,/sub-366042/anat/sub-366042_T1w.nii.gz,True
684,/sub-366446/anat/sub-366446_T1w.nii.gz,True
685,/sub-368551/anat/sub-368551_T1w.nii.gz,True
686,/sub-368753/anat/sub-368753_T1w.nii.gz,True
687,/sub-371843/anat/sub-371843_T1w.nii.gz,True
688,/sub-376247/anat/sub-376247_T1w.nii.gz,True
689,/sub-377451/anat/sub-377451_T1w.nii.gz,True
690,/sub-378756/anat/sub-378756_T1w.nii.gz,True
691,/sub-378857/anat/sub-378857_T1w.nii.gz,True
692,/sub-379657/anat/sub-379657_T1w.nii.gz,True
693,/sub-380036/anat/sub-380036_T1w.nii.gz,True
694,/sub-381038/anat/sub-381038_T1w.nii.gz,True
695,/sub-381543/anat/sub-381543_T1w.nii.gz,True
696,/sub-382242/anat/sub-382242_T1w.nii.gz,True
697,/sub-385046/anat/sub-385046_T1w.nii.gz,True
698,/sub-385450/anat/sub-385450_T1w.nii.gz,True
699,/sub-386250/anat/sub-386250_T1w.nii.gz,True
700,/sub-387959/anat/sub-387959_T1w.nii.gz,True
701,/sub-389357/anat/sub-389357_T1w.nii.gz,True
702,/sub-390645/anat/sub-390645_T1w.nii.gz,True
703,/sub-391748/anat/sub-391748_T1w.nii.gz,True
704,/sub-392447/anat/sub-392447_T1w.nii.gz,True
705,/sub-392750/anat/sub-392750_T1w.nii.gz,True
706,/sub-393247/anat/sub-393247_T1w.nii.gz,True
707,/sub-393550/anat/sub-393550_T1w.nii.gz,True
708,/sub-394956/anat/sub-394956_T1w.nii.gz,True
709,/sub-395251/anat/sub-395251_T1w.nii.gz,True
710,/sub-395756/anat/sub-395756_T1w.nii.gz,True
711,/sub-395958/anat/sub-395958_T1w.nii.gz,True
712,/sub-397154/anat/sub-397154_T1w.nii.gz,True
713,/sub-397760/anat/sub-397760_T1w.nii.gz,True
714,/sub-397861/anat/sub-397861_T1w.nii.gz,True
715,/sub-401422/anat/sub-401422_T1w.nii.gz,True
716,/sub-406432/anat/sub-406432_T1w.nii.gz,True
717,/sub-406836/anat/sub-406836_T1w.nii.gz,True
718,/sub-412528/anat/sub-412528_T1w.nii.gz,True
719,/sub-413934/anat/sub-413934_T1w.nii.gz,True
720,/sub-414229/anat/sub-414229_T1w.nii.gz,True
721,/sub-415837/anat/sub-415837_T1w.nii.gz,True
722,/sub-419239/anat/sub-419239_T1w.nii.gz,True
723,/sub-421226/anat/sub-421226_T1w.nii.gz,True
724,/sub-422632/anat/sub-422632_T1w.nii.gz,True
725,/sub-424939/anat/sub-424939_T1w.nii.gz,True
726,/sub-429040/anat/sub-429040_T1w.nii.gz,True
727,/sub-432332/anat/sub-432332_T1w.nii.gz,True
728,/sub-433839/anat/sub-433839_T1w.nii.gz,True
729,/sub-436239/anat/sub-436239_T1w.nii.gz,True
730,/sub-436845/anat/sub-436845_T1w.nii.gz,True
731,/sub-441939/anat/sub-441939_T1w.nii.gz,True
732,/sub-445543/anat/sub-445543_T1w.nii.gz,True
733,/sub-448347/anat/sub-448347_T1w.nii.gz,True
734,/sub-449753/anat/sub-449753_T1w.nii.gz,True
735,/sub-453441/anat/sub-453441_T1w.nii.gz,True
736,/sub-453542/anat/sub-453542_T1w.nii.gz,True
737,/sub-454140/anat/sub-454140_T1w.nii.gz,True
738,/sub-456346/anat/sub-456346_T1w.nii.gz,True
739,/sub-459453/anat/sub-459453_T1w.nii.gz,True
740,/sub-461743/anat/sub-461743_T1w.nii.gz,True
741,/sub-462139/anat/sub-462139_T1w.nii.gz,True
742,/sub-463040/anat/sub-463040_T1w.nii.gz,True
743,/sub-465852/anat/sub-465852_T1w.nii.gz,True
744,/sub-467351/anat/sub-467351_T1w.nii.gz,True
745,/sub-468050/anat/sub-468050_T1w.nii.gz,True
746,/sub-469961/anat/sub-469961_T1w.nii.gz,True
747,/sub-473952/anat/sub-473952_T1w.nii.gz,True
748,/sub-475855/anat/sub-475855_T1w.nii.gz,True
749,/sub-479762/anat/sub-479762_T1w.nii.gz,True
750,/sub-480141/anat/sub-480141_T1w.nii.gz,True
751,/sub-481042/anat/sub-481042_T1w.nii.gz,True
752,/sub-481951/anat/sub-481951_T1w.nii.gz,True
753,/sub-485757/anat/sub-485757_T1w.nii.gz,True
754,/sub-486759/anat/sub-486759_T1w.nii.gz,True
755,/sub-492754/anat/sub-492754_T1w.nii.gz,True
756,/sub-495255/anat/sub-495255_T1w.nii.gz,True
757,/sub-497865/anat/sub-497865_T1w.nii.gz,True
758,/sub-499566/anat/sub-499566_T1w.nii.gz,True
759,/sub-500222/anat/sub-500222_T1w.nii.gz,True
760,/sub-506234/anat/sub-506234_T1w.nii.gz,True
761,/sub-510225/anat/sub-510225_T1w.nii.gz,True
762,/sub-510326/anat/sub-510326_T1w.nii.gz,True
763,/sub-512835/anat/sub-512835_T1w.nii.gz,True
764,/sub-513130/anat/sub-513130_T1w.nii.gz,True
765,/sub-513736/anat/sub-513736_T1w.nii.gz,True
766,/sub-516742/anat/sub-516742_T1w.nii.gz,True
767,/sub-517239/anat/sub-517239_T1w.nii.gz,True
768,/sub-518746/anat/sub-518746_T1w.nii.gz,True
769,/sub-519647/anat/sub-519647_T1w.nii.gz,True
770,/sub-519950/anat/sub-519950_T1w.nii.gz,True
771,/sub-520228/anat/sub-520228_T1w.nii.gz,True
772,/sub-521331/anat/sub-521331_T1w.nii.gz,True
773,/sub-522434/anat/sub-522434_T1w.nii.gz,True
774,/sub-523032/anat/sub-523032_T1w.nii.gz,True
775,/sub-524135/anat/sub-524135_T1w.nii.gz,True
776,/sub-525541/anat/sub-525541_T1w.nii.gz,True
777,/sub-529549/anat/sub-529549_T1w.nii.gz,True
778,/sub-529953/anat/sub-529953_T1w.nii.gz,True
779,/sub-530635/anat/sub-530635_T1w.nii.gz,True
780,/sub-531536/anat/sub-531536_T1w.nii.gz,True
781,/sub-531940/anat/sub-531940_T1w.nii.gz,True
782,/sub-536647/anat/sub-536647_T1w.nii.gz,True
783,/sub-540436/anat/sub-540436_T1w.nii.gz,True
784,/sub-541640/anat/sub-541640_T1w.nii.gz,True
785,/sub-541943/anat/sub-541943_T1w.nii.gz,True
786,/sub-545345/anat/sub-545345_T1w.nii.gz,True
787,/sub-547046/anat/sub-547046_T1w.nii.gz,True
788,/sub-548250/anat/sub-548250_T1w.nii.gz,True
789,/sub-549757/anat/sub-549757_T1w.nii.gz,True
790,/sub-550439/anat/sub-550439_T1w.nii.gz,True
791,/sub-552241/anat/sub-552241_T1w.nii.gz,True
792,/sub-552544/anat/sub-552544_T1w.nii.gz,True
793,/sub-553344/anat/sub-553344_T1w.nii.gz,True
794,/sub-555348/anat/sub-555348_T1w.nii.gz,True
795,/sub-555651/anat/sub-555651_T1w.nii.gz,True
796,/sub-555954/anat/sub-555954_T1w.nii.gz,True
797,/sub-557857/anat/sub-557857_T1w.nii.gz,True
798,/sub-558657/anat/sub-558657_T1w.nii.gz,True
799,/sub-558960/anat/sub-558960_T1w.nii.gz,True
800,/sub-559053/anat/sub-559053_T1w.nii.gz,True
801,/sub-559457/anat/sub-559457_T1w.nii.gz,True
802,/sub-561242/anat/sub-561242_T1w.nii.gz,True
803,/sub-561444/anat/sub-561444_T1w.nii.gz,True
804,/sub-561949/anat/sub-561949_T1w.nii.gz,True
805,/sub-562345/anat/sub-562345_T1w.nii.gz,True
806,/sub-562446/anat/sub-562446_T1w.nii.gz,True
807,/sub-565452/anat/sub-565452_T1w.nii.gz,True
808,/sub-566454/anat/sub-566454_T1w.nii.gz,True
809,/sub-567052/anat/sub-567052_T1w.nii.gz,True
810,/sub-567759/anat/sub-567759_T1w.nii.gz,True
811,/sub-567961/anat/sub-567961_T1w.nii.gz,True
812,/sub-568963/anat/sub-568963_T1w.nii.gz,True
813,/sub-569965/anat/sub-569965_T1w.nii.gz,True
814,/sub-570243/anat/sub-570243_T1w.nii.gz,True
815,/sub-571144/anat/sub-571144_T1w.nii.gz,True
816,/sub-571548/anat/sub-571548_T1w.nii.gz,True
817,/sub-572045/anat/sub-572045_T1w.nii.gz,True
818,/sub-573249/anat/sub-573249_T1w.nii.gz,True
819,/sub-573451/anat/sub-573451_T1w.nii.gz,True
820,/sub-576255/anat/sub-576255_T1w.nii.gz,True
821,/sub-578057/anat/sub-578057_T1w.nii.gz,True
822,/sub-578158/anat/sub-578158_T1w.nii.gz,True
823,/sub-579665/anat/sub-579665_T1w.nii.gz,True
824,/sub-579867/anat/sub-579867_T1w.nii.gz,True
825,/sub-580044/anat/sub-580044_T1w.nii.gz,True
826,/sub-580347/anat/sub-580347_T1w.nii.gz,True
827,/sub-580650/anat/sub-580650_T1w.nii.gz,True
828,/sub-580751/anat/sub-580751_T1w.nii.gz,True
829,/sub-581349/anat/sub-581349_T1w.nii.gz,True
830,/sub-581450/anat/sub-581450_T1w.nii.gz,True
831,/sub-583858/anat/sub-583858_T1w.nii.gz,True
832,/sub-584355/anat/sub-584355_T1w.nii.gz,True
833,/sub-585256/anat/sub-585256_T1w.nii.gz,True
834,/sub-585862/anat/sub-585862_T1w.nii.gz,True
835,/sub-586460/anat/sub-586460_T1w.nii.gz,True
836,/sub-587664/anat/sub-587664_T1w.nii.gz,True
837,/sub-588565/anat/sub-588565_T1w.nii.gz,True
838,/sub-589567/anat/sub-589567_T1w.nii.gz,True
839,/sub-590047/anat/sub-590047_T1w.nii.gz,True
840,/sub-592455/anat/sub-592455_T1w.nii.gz,True
841,/sub-594156/anat/sub-594156_T1w.nii.gz,True
842,/sub-597869/anat/sub-597869_T1w.nii.gz,True
843,/sub-598568/anat/sub-598568_T1w.nii.gz,True
844,/sub-599065/anat/sub-599065_T1w.nii.gz,True
845,/sub-599469/anat/sub-599469_T1w.nii.gz,True
846,/sub-599671/anat/sub-599671_T1w.nii.gz,True
847,/sub-601127/anat/sub-601127_T1w.nii.gz,True
848,/sub-604537/anat/sub-604537_T1w.nii.gz,True
849,/sub-609143/anat/sub-609143_T1w.nii.gz,True
850,/sub-611231/anat/sub-611231_T1w.nii.gz,True
851,/sub-611938/anat/sub-611938_T1w.nii.gz,True
852,/sub-613235/anat/sub-613235_T1w.nii.gz,True
853,/sub-613538/anat/sub-613538_T1w.nii.gz,True
854,/sub-614439/anat/sub-614439_T1w.nii.gz,True
855,/sub-615441/anat/sub-615441_T1w.nii.gz,True
856,/sub-615744/anat/sub-615744_T1w.nii.gz,True
857,/sub-616645/anat/sub-616645_T1w.nii.gz,True
858,/sub-617748/anat/sub-617748_T1w.nii.gz,True
859,/sub-618952/anat/sub-618952_T1w.nii.gz,True
860,/sub-620434/anat/sub-620434_T1w.nii.gz,True
861,/sub-622236/anat/sub-622236_T1w.nii.gz,True
862,/sub-623137/anat/sub-623137_T1w.nii.gz,True
863,/sub-623844/anat/sub-623844_T1w.nii.gz,True
864,/sub-626648/anat/sub-626648_T1w.nii.gz,True
865,/sub-627549/anat/sub-627549_T1w.nii.gz,True
866,/sub-627852/anat/sub-627852_T1w.nii.gz,True
867,/sub-628248/anat/sub-628248_T1w.nii.gz,True
868,/sub-633847/anat/sub-633847_T1w.nii.gz,True
869,/sub-634748/anat/sub-634748_T1w.nii.gz,True
870,/sub-635245/anat/sub-635245_T1w.nii.gz,True
871,/sub-638049/anat/sub-638049_T1w.nii.gz,True
872,/sub-644044/anat/sub-644044_T1w.nii.gz,True
873,/sub-644246/anat/sub-644246_T1w.nii.gz,True
874,/sub-645450/anat/sub-645450_T1w.nii.gz,True
875,/sub-645551/anat/sub-645551_T1w.nii.gz,True
876,/sub-647858/anat/sub-647858_T1w.nii.gz,True
877,/sub-650746/anat/sub-650746_T1w.nii.gz,True
878,/sub-654350/anat/sub-654350_T1w.nii.gz,True
879,/sub-654552/anat/sub-654552_T1w.nii.gz,True
880,/sub-654754/anat/sub-654754_T1w.nii.gz,True
881,/sub-656253/anat/sub-656253_T1w.nii.gz,True
882,/sub-656657/anat/sub-656657_T1w.nii.gz,True
883,/sub-657659/anat/sub-657659_T1w.nii.gz,True
884,/sub-660951/anat/sub-660951_T1w.nii.gz,True
885,/sub-662551/anat/sub-662551_T1w.nii.gz,True
886,/sub-663755/anat/sub-663755_T1w.nii.gz,True
887,/sub-664757/anat/sub-664757_T1w.nii.gz,True
888,/sub-665254/anat/sub-665254_T1w.nii.gz,True
889,/sub-667056/anat/sub-667056_T1w.nii.gz,True
890,/sub-668361/anat/sub-668361_T1w.nii.gz,True
891,/sub-671855/anat/sub-671855_T1w.nii.gz,True
892,/sub-672756/anat/sub-672756_T1w.nii.gz,True
893,/sub-673455/anat/sub-673455_T1w.nii.gz,True
894,/sub-675661/anat/sub-675661_T1w.nii.gz,True
895,/sub-677766/anat/sub-677766_T1w.nii.gz,True
896,/sub-677968/anat/sub-677968_T1w.nii.gz,True
897,/sub-679568/anat/sub-679568_T1w.nii.gz,True
898,/sub-679770/anat/sub-679770_T1w.nii.gz,True
899,/sub-680250/anat/sub-680250_T1w.nii.gz,True
900,/sub-680452/anat/sub-680452_T1w.nii.gz,True
901,/sub-680957/anat/sub-680957_T1w.nii.gz,True
902,/sub-683256/anat/sub-683256_T1w.nii.gz,True
903,/sub-685058/anat/sub-685058_T1w.nii.gz,True
904,/sub-686969/anat/sub-686969_T1w.nii.gz,True
905,/sub-687163/anat/sub-687163_T1w.nii.gz,True
906,/sub-688569/anat/sub-688569_T1w.nii.gz,True
907,/sub-689470/anat/sub-689470_T1w.nii.gz,True
908,/sub-690152/anat/sub-690152_T1w.nii.gz,True
909,/sub-692964/anat/sub-692964_T1w.nii.gz,True
910,/sub-693461/anat/sub-693461_T1w.nii.gz,True
911,/sub-693764/anat/sub-693764_T1w.nii.gz,True
912,/sub-694362/anat/sub-694362_T1w.nii.gz,True
913,/sub-695768/anat/sub-695768_T1w.nii.gz,True
914,/sub-698168/anat/sub-698168_T1w.nii.gz,True
915,/sub-700634/anat/sub-700634_T1w.nii.gz,True
916,/sub-701535/anat/sub-701535_T1w.nii.gz,True
917,/sub-702133/anat/sub-702133_T1w.nii.gz,True
918,/sub-704238/anat/sub-704238_T1w.nii.gz,True
919,/sub-705341/anat/sub-705341_T1w.nii.gz,True
920,/sub-706040/anat/sub-706040_T1w.nii.gz,True
921,/sub-707749/anat/sub-707749_T1w.nii.gz,True
922,/sub-709551/anat/sub-709551_T1w.nii.gz,True
923,/sub-713239/anat/sub-713239_T1w.nii.gz,True
924,/sub-715041/anat/sub-715041_T1w.nii.gz,True
925,/sub-715647/anat/sub-715647_T1w.nii.gz,True
926,/sub-715950/anat/sub-715950_T1w.nii.gz,True
927,/sub-720337/anat/sub-720337_T1w.nii.gz,True
928,/sub-723141/anat/sub-723141_T1w.nii.gz,True
929,/sub-724446/anat/sub-724446_T1w.nii.gz,True
930,/sub-725751/anat/sub-725751_T1w.nii.gz,True
931,/sub-727553/anat/sub-727553_T1w.nii.gz,True
932,/sub-727654/anat/sub-727654_T1w.nii.gz,True
933,/sub-728454/anat/sub-728454_T1w.nii.gz,True
934,/sub-729254/anat/sub-729254_T1w.nii.gz,True
935,/sub-729557/anat/sub-729557_T1w.nii.gz,True
936,/sub-731140/anat/sub-731140_T1w.nii.gz,True
937,/sub-732243/anat/sub-732243_T1w.nii.gz,True
938,/sub-733548/anat/sub-733548_T1w.nii.gz,True
939,/sub-734045/anat/sub-734045_T1w.nii.gz,True
940,/sub-734247/anat/sub-734247_T1w.nii.gz,True
941,/sub-735148/anat/sub-735148_T1w.nii.gz,True
942,/sub-737960/anat/sub-737960_T1w.nii.gz,True
943,/sub-742549/anat/sub-742549_T1w.nii.gz,True
944,/sub-744553/anat/sub-744553_T1w.nii.gz,True
945,/sub-745555/anat/sub-745555_T1w.nii.gz,True
946,/sub-748258/anat/sub-748258_T1w.nii.gz,True
947,/sub-748662/anat/sub-748662_T1w.nii.gz,True
948,/sub-749058/anat/sub-749058_T1w.nii.gz,True
949,/sub-749361/anat/sub-749361_T1w.nii.gz,True
950,/sub-751348/anat/sub-751348_T1w.nii.gz,True
951,/sub-751550/anat/sub-751550_T1w.nii.gz,True
952,/sub-753150/anat/sub-753150_T1w.nii.gz,True
953,/sub-753251/anat/sub-753251_T1w.nii.gz,True
954,/sub-756055/anat/sub-756055_T1w.nii.gz,True
955,/sub-757764/anat/sub-757764_T1w.nii.gz,True
956,/sub-759869/anat/sub-759869_T1w.nii.gz,True
957,/sub-760551/anat/sub-760551_T1w.nii.gz,True
958,/sub-761957/anat/sub-761957_T1w.nii.gz,True
959,/sub-763557/anat/sub-763557_T1w.nii.gz,True
960,/sub-765056/anat/sub-765056_T1w.nii.gz,True
961,/sub-765864/anat/sub-765864_T1w.nii.gz,True
962,/sub-766563/anat/sub-766563_T1w.nii.gz,True
963,/sub-767464/anat/sub-767464_T1w.nii.gz,True
964,/sub-769064/anat/sub-769064_T1w.nii.gz,True
965,/sub-770352/anat/sub-770352_T1w.nii.gz,True
966,/sub-771354/anat/sub-771354_T1w.nii.gz,True
967,/sub-773257/anat/sub-773257_T1w.nii.gz,True
968,/sub-774663/anat/sub-774663_T1w.nii.gz,True
969,/sub-779370/anat/sub-779370_T1w.nii.gz,True
970,/sub-782157/anat/sub-782157_T1w.nii.gz,True
971,/sub-782561/anat/sub-782561_T1w.nii.gz,True
972,/sub-783462/anat/sub-783462_T1w.nii.gz,True
973,/sub-784565/anat/sub-784565_T1w.nii.gz,True
974,/sub-786569/anat/sub-786569_T1w.nii.gz,True
975,/sub-788674/anat/sub-788674_T1w.nii.gz,True
976,/sub-788876/anat/sub-788876_T1w.nii.gz,True
977,/sub-789373/anat/sub-789373_T1w.nii.gz,True
978,/sub-792564/anat/sub-792564_T1w.nii.gz,True
979,/sub-792766/anat/sub-792766_T1w.nii.gz,True
980,/sub-792867/anat/sub-792867_T1w.nii.gz,True
981,/sub-793465/anat/sub-793465_T1w.nii.gz,True
982,/sub-800941/anat/sub-800941_T1w.nii.gz,True
983,/sub-802844/anat/sub-802844_T1w.nii.gz,True
984,/sub-803240/anat/sub-803240_T1w.nii.gz,True
985,/sub-804646/anat/sub-804646_T1w.nii.gz,True
986,/sub-809252/anat/sub-809252_T1w.nii.gz,True
987,/sub-810439/anat/sub-810439_T1w.nii.gz,True
988,/sub-810843/anat/sub-810843_T1w.nii.gz,True
989,/sub-812746/anat/sub-812746_T1w.nii.gz,True
990,/sub-814548/anat/sub-814548_T1w.nii.gz,True
991,/sub-814649/anat/sub-814649_T1w.nii.gz,True
992,/sub-815247/anat/sub-815247_T1w.nii.gz,True
993,/sub-816653/anat/sub-816653_T1w.nii.gz,True
994,/sub-818455/anat/sub-818455_T1w.nii.gz,True
995,/sub-818859/anat/sub-818859_T1w.nii.gz,True
996,/sub-820745/anat/sub-820745_T1w.nii.gz,True
997,/sub-822244/anat/sub-822244_T1w.nii.gz,True
998,/sub-825048/anat/sub-825048_T1w.nii.gz,True
999,/sub-825553/anat/sub-825553_T1w.nii.gz,True
1000,/sub-825654/anat/sub-825654_T1w.nii.gz,True
1001,/sub-826353/anat/sub-826353_T1w.nii.gz,True
1002,/sub-826454/anat/sub-826454_T1w.nii.gz,True
1003,/sub-827052/anat/sub-827052_T1w.nii.gz,True
1004,/sub-828862/anat/sub-828862_T1w.nii.gz,True
1005,/sub-832651/anat/sub-832651_T1w.nii.gz,True
1006,/sub-833148/anat/sub-833148_T1w.nii.gz,True
1007,/sub-833249/anat/sub-833249_T1w.nii.gz,True
1008,/sub-835657/anat/sub-835657_T1w.nii.gz,True
1009,/sub-837560/anat/sub-837560_T1w.nii.gz,True
1010,/sub-837964/anat/sub-837964_T1w.nii.gz,True
1011,/sub-841349/anat/sub-841349_T1w.nii.gz,True
1012,/sub-843151/anat/sub-843151_T1w.nii.gz,True
1013,/sub-844961/anat/sub-844961_T1w.nii.gz,True
1014,/sub-845458/anat/sub-845458_T1w.nii.gz,True
1015,/sub-849264/anat/sub-849264_T1w.nii.gz,True
1016,/sub-849971/anat/sub-849971_T1w.nii.gz,True
1017,/sub-852455/anat/sub-852455_T1w.nii.gz,True
1018,/sub-856463/anat/sub-856463_T1w.nii.gz,True
1019,/sub-856766/anat/sub-856766_T1w.nii.gz,True
1020,/sub-856968/anat/sub-856968_T1w.nii.gz,True
1021,/sub-857263/anat/sub-857263_T1w.nii.gz,True
1022,/sub-859671/anat/sub-859671_T1w.nii.gz,True
1023,/sub-861456/anat/sub-861456_T1w.nii.gz,True
1024,/sub-865363/anat/sub-865363_T1w.nii.gz,True
1025,/sub-867468/anat/sub-867468_T1w.nii.gz,True
1026,/sub-869472/anat/sub-869472_T1w.nii.gz,True
1027,/sub-870861/anat/sub-870861_T1w.nii.gz,True
1028,/sub-871762/anat/sub-871762_T1w.nii.gz,True
1029,/sub-871964/anat/sub-871964_T1w.nii.gz,True
1030,/sub-872158/anat/sub-872158_T1w.nii.gz,True
1031,/sub-872562/anat/sub-872562_T1w.nii.gz,True
1032,/sub-872764/anat/sub-872764_T1w.nii.gz,True
1033,/sub-873968/anat/sub-873968_T1w.nii.gz,True
1034,/sub-877168/anat/sub-877168_T1w.nii.gz,True
1035,/sub-877269/anat/sub-877269_T1w.nii.gz,True
1036,/sub-878776/anat/sub-878776_T1w.nii.gz,True
1037,/sub-878877/anat/sub-878877_T1w.nii.gz,True
1038,/sub-880157/anat/sub-880157_T1w.nii.gz,True
1039,/sub-882161/anat/sub-882161_T1w.nii.gz,True
1040,/sub-884064/anat/sub-884064_T1w.nii.gz,True
1041,/sub-885975/anat/sub-885975_T1w.nii.gz,True
1042,/sub-886674/anat/sub-886674_T1w.nii.gz,True
1043,/sub-887373/anat/sub-887373_T1w.nii.gz,True
1044,/sub-888678/anat/sub-888678_T1w.nii.gz,True
1045,/sub-889579/anat/sub-889579_T1w.nii.gz,True
1046,/sub-891667/anat/sub-891667_T1w.nii.gz,True
1047,/sub-894067/anat/sub-894067_T1w.nii.gz,True
1048,/sub-894673/anat/sub-894673_T1w.nii.gz,True
1049,/sub-894774/anat/sub-894774_T1w.nii.gz,True
1050,/sub-896778/anat/sub-896778_T1w.nii.gz,True
1051,/sub-896879/anat/sub-896879_T1w.nii.gz,True
1052,/sub-898176/anat/sub-898176_T1w.nii.gz,True
1053,/sub-899885/anat/sub-899885_T1w.nii.gz,True
1054,/sub-901038/anat/sub-901038_T1w.nii.gz,True
1055,/sub-901139/anat/sub-901139_T1w.nii.gz,True
1056,/sub-901442/anat/sub-901442_T1w.nii.gz,True
1057,/sub-902242/anat/sub-902242_T1w.nii.gz,True
1058,/sub-904044/anat/sub-904044_T1w.nii.gz,True
1059,/sub-905147/anat/sub-905147_T1w.nii.gz,True
1060,/sub-907656/anat/sub-907656_T1w.nii.gz,True
1061,/sub-908860/anat/sub-908860_T1w.nii.gz,True
1062,/sub-910241/anat/sub-910241_T1w.nii.gz,True
1063,/sub-910443/anat/sub-910443_T1w.nii.gz,True
1064,/sub-911849/anat/sub-911849_T1w.nii.gz,True
1065,/sub-912447/anat/sub-912447_T1w.nii.gz,True
1066,/sub-917255/anat/sub-917255_T1w.nii.gz,True
1067,/sub-917558/anat/sub-917558_T1w.nii.gz,True
1068,/sub-919966/anat/sub-919966_T1w.nii.gz,True
1069,/sub-922854/anat/sub-922854_T1w.nii.gz,True
1070,/sub-923755/anat/sub-923755_T1w.nii.gz,True
1071,/sub-926862/anat/sub-926862_T1w.nii.gz,True
1072,/sub-927359/anat/sub-927359_T1w.nii.gz,True
1073,/sub-929464/anat/sub-929464_T1w.nii.gz,True
1074,/sub-930449/anat/sub-930449_T1w.nii.gz,True
1075,/sub-932554/anat/sub-932554_T1w.nii.gz,True
1076,/sub-933253/anat/sub-933253_T1w.nii.gz,True
1077,/sub-937160/anat/sub-937160_T1w.nii.gz,True
1078,/sub-942658/anat/sub-942658_T1w.nii.gz,True
1079,/sub-943862/anat/sub-943862_T1w.nii.gz,True
1080,/sub-947668/anat/sub-947668_T1w.nii.gz,True
1081,/sub-951457/anat/sub-951457_T1w.nii.gz,True
1082,/sub-952863/anat/sub-952863_T1w.nii.gz,True
1083,/sub-953764/anat/sub-953764_T1w.nii.gz,True
1084,/sub-955465/anat/sub-955465_T1w.nii.gz,True
1085,/sub-957974/anat/sub-957974_T1w.nii.gz,True
1086,/sub-958976/anat/sub-958976_T1w.nii.gz,True
1087,/sub-959574/anat/sub-959574_T1w.nii.gz,True
1088,/sub-962058/anat/sub-962058_T1w.nii.gz,True
1089,/sub-965367/anat/sub-965367_T1w.nii.gz,True
1090,/sub-965771/anat/sub-965771_T1w.nii.gz,True
1091,/sub-966975/anat/sub-966975_T1w.nii.gz,True
1092,/sub-969476/anat/sub-969476_T1w.nii.gz,True
1093,/sub-970764/anat/sub-970764_T1w.nii.gz,True
1094,/sub-971160/anat/sub-971160_T1w.nii.gz,True
1095,/sub-972566/anat/sub-972566_T1w.nii.gz,True
1096,/sub-973770/anat/sub-973770_T1w.nii.gz,True
1097,/sub-978578/anat/sub-978578_T1w.nii.gz,True
1098,/sub-979984/anat/sub-979984_T1w.nii.gz,True
1099,/sub-983773/anat/sub-983773_T1w.nii.gz,True
1100,/sub-984472/anat/sub-984472_T1w.nii.gz,True
1101,/sub-987074/anat/sub-987074_T1w.nii.gz,True
1102,/sub-987983/anat/sub-987983_T1w.nii.gz,True
1103,/sub-989987/anat/sub-989987_T1w.nii.gz,True
1104,/sub-990366/anat/sub-990366_T1w.nii.gz,True
1105,/sub-991267/anat/sub-991267_T1w.nii.gz,True
1106,/sub-992673/anat/sub-992673_T1w.nii.gz,True
1107,/sub-992774/anat/sub-992774_T1w.nii.gz,True
1108,/sub-993675/anat/sub-993675_T1w.nii.gz,True
1109,/sub-994273/anat/sub-994273_T1w.nii.gz,True
1110,/sub-995174/anat/sub-995174_T1w.nii.gz,True
1111,/sub-996782/anat/sub-996782_T1w.nii.gz,True
